3428,quangtinh,2020-08-24 20:45:18,quangtinh,2020-08-24 20:45:18,OFF WHITE,,\assets\img\WOMEN\Clothes\T-shirts & long sleeves\T-shirts\089CC1K005_110_74.jfif,
3429,quangtinh,2020-08-24 20:45:25,quangtinh,2020-08-24 20:45:25,RUST ORANGE,,\assets\img\WOMEN\Clothes\T-shirts & long sleeves\T-shirts\089CC1K005_810_74.jfif,
3430,quangtinh,2020-08-24 20:45:32,quangtinh,2020-08-24 20:45:32,OLD PINK,,\assets\img\WOMEN\Clothes\T-shirts & long sleeves\T-shirts\089CC1K005_680_74.jfif,
3431,quangtinh,2020-08-24 20:45:56,quangtinh,2020-08-24 20:45:56,CORAL,,\assets\img\WOMEN\Clothes\T-shirts & long sleeves\T-shirts\999EI1K801_646_74.jfif,
3432,quangtinh,2020-08-24 20:46:03,quangtinh,2020-08-24 20:46:03,DARK PINK,,\assets\img\WOMEN\Clothes\T-shirts & long sleeves\T-shirts\999EI1K801_651_74.jfif,
3433,quangtinh,2020-08-24 20:46:25,quangtinh,2020-08-24 20:46:25,NAVY,,\assets\img\WOMEN\Clothes\T-shirts & long sleeves\T-shirts\089EE1K037_400_74.jfif,
3434,quangtinh,2020-08-24 20:46:31,quangtinh,2020-08-24 20:46:31,GARNET RED,,\assets\img\WOMEN\Clothes\T-shirts & long sleeves\T-shirts\089EE1K037_623_74.jfif,
3435,quangtinh,2020-08-24 20:46:56,quangtinh,2020-08-24 20:46:56,NAVY,,\assets\img\WOMEN\Clothes\T-shirts & long sleeves\T-shirts\089CC1K006_400_74.jfif,
3436,quangtinh,2020-08-24 20:47:04,quangtinh,2020-08-24 20:47:04,KHAKI GREEN,,\assets\img\WOMEN\Clothes\T-shirts & long sleeves\T-shirts\089CC1K006_350_74.jfif,
3437,quangtinh,2020-08-24 20:47:09,quangtinh,2020-08-24 20:47:09,RUST ORANGE,,\assets\img\WOMEN\Clothes\T-shirts & long sleeves\T-shirts\089CC1K006_810_74.jfif,
3438,quangtinh,2020-08-24 20:47:46,quangtinh,2020-08-24 20:47:46,WHITE,,\assets\img\WOMEN\Clothes\T-shirts & long sleeves\T-shirts\999EE1K815_100_74.jfif,
3439,quangtinh,2020-08-24 20:47:52,quangtinh,2020-08-24 20:47:52,NAVY,,\assets\img\WOMEN\Clothes\T-shirts & long sleeves\T-shirts\999EE1K815_400_74.jfif,
3440,quangtinh,2020-08-24 20:47:58,quangtinh,2020-08-24 20:47:58,DARK RED,,\assets\img\WOMEN\Clothes\T-shirts & long sleeves\T-shirts\999EE1K815_610_74.jfif,
3441,quangtinh,2020-08-24 20:48:04,quangtinh,2020-08-24 20:48:04,BRASS YELLOW,,\assets\img\WOMEN\Clothes\T-shirts & long sleeves\T-shirts\999EE1K815_720_74.jfif,
3442,quangtinh,2020-08-24 20:48:11,quangtinh,2020-08-24 20:48:11,BLACK,,\assets\img\WOMEN\Clothes\T-shirts & long sleeves\T-shirts\999EE1K815_001_74.jfif,
3443,quangtinh,2020-08-24 20:48:17,quangtinh,2020-08-24 20:48:17,YELLOW,,\assets\img\WOMEN\Clothes\T-shirts & long sleeves\T-shirts\999EE1K815_753_74.jfif,
3444,quangtinh,2020-08-24 20:48:43,quangtinh,2020-08-24 20:48:43,NAVY,,\assets\img\WOMEN\Clothes\T-shirts & long sleeves\T-shirts\089CC1K007_404_74.jfif,
3445,quangtinh,2020-08-24 20:48:50,quangtinh,2020-08-24 20:48:50,KHAKI GREEN,,\assets\img\WOMEN\Clothes\T-shirts & long sleeves\T-shirts\089CC1K007_354_74.jfif,
3446,quangtinh,2020-08-24 20:48:56,quangtinh,2020-08-24 20:48:56,TERRACOTTA,,\assets\img\WOMEN\Clothes\T-shirts & long sleeves\T-shirts\089CC1K007_809_74.jfif,
3447,quangtinh,2020-08-24 20:49:20,quangtinh,2020-08-24 20:49:20,NAVY,,\assets\img\WOMEN\Clothes\T-shirts & long sleeves\T-shirts\089CC1K008_400_74.jfif,
3448,quangtinh,2020-08-24 20:49:28,quangtinh,2020-08-24 20:49:28,KHAKI GREEN,,\assets\img\WOMEN\Clothes\T-shirts & long sleeves\T-shirts\089CC1K008_350_74.jfif,
3449,quangtinh,2020-08-24 20:49:35,quangtinh,2020-08-24 20:49:35,TERRACOTTA,,\assets\img\WOMEN\Clothes\T-shirts & long sleeves\T-shirts\089CC1K008_805_74.jfif,
3450,quangtinh,2020-08-24 20:49:57,quangtinh,2020-08-24 20:49:57,CORAL,,\assets\img\WOMEN\Clothes\T-shirts & long sleeves\T-shirts\999EI1K800_645_74.jfif,
3451,quangtinh,2020-08-24 20:50:04,quangtinh,2020-08-24 20:50:04,BLACK,,\assets\img\WOMEN\Clothes\T-shirts & long sleeves\T-shirts\999EI1K800_001_74.jfif,
3452,quangtinh,2020-08-24 20:50:20,quangtinh,2020-08-24 20:50:20,WHITE,,\assets\img\WOMEN\Clothes\T-shirts & long sleeves\T-shirts\089CC1K067_100_74.jfif,
3453,quangtinh,2020-08-24 20:50:47,quangtinh,2020-08-24 20:50:47,OFF WHITE,,\assets\img\WOMEN\Clothes\T-shirts & long sleeves\T-shirts\129CC1K017_111_74.jfif,
3454,quangtinh,2020-08-24 20:50:54,quangtinh,2020-08-24 20:50:54,CINNAMON,,\assets\img\WOMEN\Clothes\T-shirts & long sleeves\T-shirts\129CC1K017_803_74.jfif,
3455,quangtinh,2020-08-24 20:51:00,quangtinh,2020-08-24 20:51:00,BLACK,,\assets\img\WOMEN\Clothes\T-shirts & long sleeves\T-shirts\129CC1K017_001_74.jfif,
3456,quangtinh,2020-08-24 20:51:22,quangtinh,2020-08-24 20:51:22,WHITE,,\assets\img\WOMEN\Clothes\T-shirts & long sleeves\T-shirts\129EO1K018_100_74.jfif,
3457,quangtinh,2020-08-24 20:51:28,quangtinh,2020-08-24 20:51:28,BLACK,,\assets\img\WOMEN\Clothes\T-shirts & long sleeves\T-shirts\129EO1K018_001_74.jfif,
3458,quangtinh,2020-08-24 20:51:51,quangtinh,2020-08-24 20:51:51,LIGHT GREY,,\assets\img\WOMEN\Clothes\T-shirts & long sleeves\T-shirts\010EE1K341_044_74.jfif,
3459,quangtinh,2020-08-24 20:52:18,quangtinh,2020-08-24 20:52:18,NAVY,,\assets\img\WOMEN\Clothes\T-shirts & long sleeves\T-shirts\010EE1K314_400_74.jfif,
3460,quangtinh,2020-08-24 20:52:25,quangtinh,2020-08-24 20:52:25,OFF WHITE,,\assets\img\WOMEN\Clothes\T-shirts & long sleeves\T-shirts\010EE1K314_110_74.jfif,
3461,quangtinh,2020-08-24 20:52:33,quangtinh,2020-08-24 20:52:33,NAVY BLUE,,\assets\img\WOMEN\Clothes\T-shirts & long sleeves\T-shirts\010EE1K314_401_74.jfif,
3462,quangtinh,2020-08-24 20:53:01,quangtinh,2020-08-24 20:53:01,GREY BLUE,,\assets\img\WOMEN\Clothes\T-shirts & long sleeves\T-shirts\010EI1K317_420_74.jfif,
3463,quangtinh,2020-08-24 20:53:08,quangtinh,2020-08-24 20:53:08,OFF WHITE,,\assets\img\WOMEN\Clothes\T-shirts & long sleeves\T-shirts\010EI1K317_110_74.jfif,
3464,quangtinh,2020-08-24 20:53:18,quangtinh,2020-08-24 20:53:18,BERRY RED,,\assets\img\WOMEN\Clothes\T-shirts & long sleeves\T-shirts\010EI1K317_625_74.jfif,
3321,quangtinh,2020-08-24 20:23:19,quangtinh,2020-08-24 20:23:19,WHITE,,\assets\img\WOMEN\Clothes\T-shirts & long sleeves\Vests\999CC1K810_100_74.jfif,
3322,quangtinh,2020-08-24 20:23:22,quangtinh,2020-08-24 20:23:22,NAVY,,\assets\img\WOMEN\Clothes\T-shirts & long sleeves\Vests\999CC1K810_400_74.jfif,
3323,quangtinh,2020-08-24 20:23:26,quangtinh,2020-08-24 20:23:26,BLACK,,\assets\img\WOMEN\Clothes\T-shirts & long sleeves\Vests\999CC1K810_001_74.jfif,
3324,quangtinh,2020-08-24 20:24:01,quangtinh,2020-08-24 20:24:01,BLUE LAVENDER,,\assets\img\WOMEN\Clothes\T-shirts & long sleeves\Vests\129CC1K031_428_74.jfif,
3325,quangtinh,2020-08-24 20:24:05,quangtinh,2020-08-24 20:24:05,LILAC,,\assets\img\WOMEN\Clothes\T-shirts & long sleeves\Vests\129CC1K031_563_74.jfif,
3326,quangtinh,2020-08-24 20:24:09,quangtinh,2020-08-24 20:24:09,NAVY,,\assets\img\WOMEN\Clothes\T-shirts & long sleeves\Vests\129CC1K031_400_74.jfif,
3327,quangtinh,2020-08-24 20:24:13,quangtinh,2020-08-24 20:24:13,OFF WHITE,,\assets\img\WOMEN\Clothes\T-shirts & long sleeves\Vests\129CC1K031_110_74.jfif,
3328,quangtinh,2020-08-24 20:24:16,quangtinh,2020-08-24 20:24:16,KHAKI GREEN,,\assets\img\WOMEN\Clothes\T-shirts & long sleeves\Vests\129CC1K031_353_74.jfif,
3329,quangtinh,2020-08-24 20:24:20,quangtinh,2020-08-24 20:24:20,CORAL,,\assets\img\WOMEN\Clothes\T-shirts & long sleeves\Vests\129CC1K031_647_74.jfif,
3330,quangtinh,2020-08-24 20:24:24,quangtinh,2020-08-24 20:24:24,BLACK,,\assets\img\WOMEN\Clothes\T-shirts & long sleeves\Vests\129CC1K031_001_74.jfif,
3331,quangtinh,2020-08-24 20:24:54,quangtinh,2020-08-24 20:24:54,OFF WHITE,,\assets\img\WOMEN\Clothes\T-shirts & long sleeves\Vests\040EO1I311_110_74.jfif,
3332,quangtinh,2020-08-24 20:24:57,quangtinh,2020-08-24 20:24:57,BLACK,,\assets\img\WOMEN\Clothes\T-shirts & long sleeves\Vests\040EO1I311_001_74.jfif,
3333,quangtinh,2020-08-24 20:25:00,quangtinh,2020-08-24 20:25:00,YELLOW,,\assets\img\WOMEN\Clothes\T-shirts & long sleeves\Vests\040EO1I311_750_74.jfif,
3334,quangtinh,2020-08-24 20:25:07,quangtinh,2020-08-24 20:25:07,RED ORANGE,,\assets\img\WOMEN\Clothes\T-shirts & long sleeves\Vests\040EO1I311_825_74.jfif,
3335,quangtinh,2020-08-24 20:25:26,quangtinh,2020-08-24 20:25:26,NAVY,,\assets\img\WOMEN\Clothes\T-shirts & long sleeves\Vests\040EI1K315_401_74.jfif,
3336,quangtinh,2020-08-24 20:25:38,quangtinh,2020-08-24 20:25:38,LIGHT GREY,,\assets\img\WOMEN\Clothes\T-shirts & long sleeves\Vests\040CC1K328_044_74.jfif,
3337,quangtinh,2020-08-24 20:26:20,quangtinh,2020-08-24 20:26:20,WHITE,,\assets\img\WOMEN\Clothes\T-shirts & long sleeves\Vests\040EE1K315_100_74.jfif,
3338,quangtinh,2020-08-24 20:26:24,quangtinh,2020-08-24 20:26:24,NAVY,,\assets\img\WOMEN\Clothes\T-shirts & long sleeves\Vests\040EE1K315_400_74.jfif,
3339,quangtinh,2020-08-24 20:26:30,quangtinh,2020-08-24 20:26:30,CORAL,,\assets\img\WOMEN\Clothes\T-shirts & long sleeves\Vests\040EE1K315_648_74.jfif,
3340,quangtinh,2020-08-24 20:26:35,quangtinh,2020-08-24 20:26:35,BRIGHT YELLOW,,\assets\img\WOMEN\Clothes\T-shirts & long sleeves\Vests\040EE1K315_743_74.jfif,
3341,quangtinh,2020-08-24 20:26:41,quangtinh,2020-08-24 20:26:41,PEACH,,\assets\img\WOMEN\Clothes\T-shirts & long sleeves\Vests\040EE1K315_843_74.jfif,
3342,quangtinh,2020-08-24 20:26:46,quangtinh,2020-08-24 20:26:46,BLACK,,\assets\img\WOMEN\Clothes\T-shirts & long sleeves\Vests\040EE1K315_001_74.jfif,
3343,quangtinh,2020-08-24 20:27:12,quangtinh,2020-08-24 20:27:12,WHITE,,\assets\img\WOMEN\Clothes\T-shirts & long sleeves\Vests\040EE1K317_100_74.jfif,
3344,quangtinh,2020-08-24 20:27:17,quangtinh,2020-08-24 20:27:17,BLACK,,\assets\img\WOMEN\Clothes\T-shirts & long sleeves\Vests\040EE1K317_001_74.jfif,
3345,quangtinh,2020-08-24 20:27:22,quangtinh,2020-08-24 20:27:22,LIME YELLOW,,\assets\img\WOMEN\Clothes\T-shirts & long sleeves\Vests\040EE1K317_763_74.jfif,
3346,quangtinh,2020-08-24 20:27:26,quangtinh,2020-08-24 20:27:26,ORANGE,,\assets\img\WOMEN\Clothes\T-shirts & long sleeves\Vests\040EE1K317_823_74.jfif,
3347,quangtinh,2020-08-24 20:27:40,quangtinh,2020-08-24 20:27:40,NAVY,,\assets\img\WOMEN\Clothes\T-shirts & long sleeves\Vests\040EI1K310_401_74.jfif,
3348,quangtinh,2020-08-24 20:27:52,quangtinh,2020-08-24 20:27:52,WHITE,,\assets\img\WOMEN\Clothes\T-shirts & long sleeves\Vests\040EI1K318_100_74.jfif,
3349,quangtinh,2020-08-24 20:28:14,quangtinh,2020-08-24 20:28:14,OFF WHITE,,\assets\img\WOMEN\Clothes\T-shirts & long sleeves\Vests\040EE1K426_110_74.jfif,
3350,quangtinh,2020-08-24 20:28:18,quangtinh,2020-08-24 20:28:18,DARK RED,,\assets\img\WOMEN\Clothes\T-shirts & long sleeves\Vests\040EE1K426_610_74.jfif,
3351,quangtinh,2020-08-24 20:28:23,quangtinh,2020-08-24 20:28:23,BLACK,,\assets\img\WOMEN\Clothes\T-shirts & long sleeves\Vests\040EE1K426_001_74.jfif,
3352,quangtinh,2020-08-24 20:28:39,quangtinh,2020-08-24 20:28:39,BLACK,,\assets\img\WOMEN\Clothes\T-shirts & long sleeves\Vests\040EO1K340_001_74.jfif,
3353,quangtinh,2020-08-24 20:28:54,quangtinh,2020-08-24 20:28:54,NAVY,,\assets\img\WOMEN\Clothes\T-shirts & long sleeves\Vests\040EI1K314_403_74.jfif,
3354,quangtinh,2020-08-24 20:29:26,quangtinh,2020-08-24 20:29:26,PINK,,\assets\img\WOMEN\Clothes\T-shirts & long sleeves\Vests\050EO1K302_670_74.jfif,
3355,quangtinh,2020-08-24 20:29:31,quangtinh,2020-08-24 20:29:31,OFF WHITE,,\assets\img\WOMEN\Clothes\T-shirts & long sleeves\Vests\050EO1K302_110_74.jfif,
3356,quangtinh,2020-08-24 20:29:35,quangtinh,2020-08-24 20:29:35,BLACK,,\assets\img\WOMEN\Clothes\T-shirts & long sleeves\Vests\050EO1K302_001_74.jfif,
3357,quangtinh,2020-08-24 20:29:40,quangtinh,2020-08-24 20:29:40,YELLOW,,\assets\img\WOMEN\Clothes\T-shirts & long sleeves\Vests\050EO1K302_750_74.jfif,
3358,quangtinh,2020-08-24 20:30:08,quangtinh,2020-08-24 20:30:08,WHITE,,\assets\img\WOMEN\Clothes\T-shirts & long sleeves\Vests\050EE1K328_100_74.jfif,
3359,quangtinh,2020-08-24 20:30:13,quangtinh,2020-08-24 20:30:13,CORAL,,\assets\img\WOMEN\Clothes\T-shirts & long sleeves\Vests\050EE1K328_645_74.jfif,
3360,quangtinh,2020-08-24 20:30:18,quangtinh,2020-08-24 20:30:18,BRIGHT YELLOW,,\assets\img\WOMEN\Clothes\T-shirts & long sleeves\Vests\050EE1K328_740_74.jfif,
3361,quangtinh,2020-08-24 20:30:22,quangtinh,2020-08-24 20:30:22,ORANGE,,\assets\img\WOMEN\Clothes\T-shirts & long sleeves\Vests\050EE1K328_820_74.jfif,
3362,quangtinh,2020-08-24 20:30:39,quangtinh,2020-08-24 20:30:39,NAVY,,\assets\img\WOMEN\Clothes\T-shirts & long sleeves\Vests\030EO1K330_400_74.jfif,
3363,quangtinh,2020-08-24 20:31:05,quangtinh,2020-08-24 20:31:05,NAVY,,\assets\img\WOMEN\Clothes\T-shirts & long sleeves\Vests\050EE1K344_400_74.jfif,
3364,quangtinh,2020-08-24 20:31:10,quangtinh,2020-08-24 20:31:10,WHITE,,\assets\img\WOMEN\Clothes\T-shirts & long sleeves\Vests\050EE1K344_101_74.jfif,
3365,quangtinh,2020-08-24 20:31:15,quangtinh,2020-08-24 20:31:15,CORAL,,\assets\img\WOMEN\Clothes\T-shirts & long sleeves\Vests\050EE1K344_648_74.jfif,
3366,quangtinh,2020-08-24 20:31:31,quangtinh,2020-08-24 20:31:31,WHITE,,\assets\img\WOMEN\Clothes\T-shirts & long sleeves\Vests\050EE1K316_100_74.jfif,
3367,quangtinh,2020-08-24 20:31:56,quangtinh,2020-08-24 20:31:56,SKIN BEIGE,,\assets\img\WOMEN\Clothes\T-shirts & long sleeves\Vests\040EE1K309_280_74.jfif,
3368,quangtinh,2020-08-24 20:32:01,quangtinh,2020-08-24 20:32:01,MAUVE,,\assets\img\WOMEN\Clothes\T-shirts & long sleeves\Vests\040EE1K309_550_74.jfif,
3369,quangtinh,2020-08-24 20:32:05,quangtinh,2020-08-24 20:32:05,LIGHT BLUE LAVENDEL,,\assets\img\WOMEN\Clothes\T-shirts & long sleeves\Vests\040EE1K309_445_74.jfif,
3370,quangtinh,2020-08-24 20:32:19,quangtinh,2020-08-24 20:32:19,OFF WHITE,,\assets\img\WOMEN\Clothes\T-shirts & long sleeves\Vests\050CC1K303_110_74.jfif,
3371,quangtinh,2020-08-24 20:32:47,quangtinh,2020-08-24 20:32:47,WHITE,,\assets\img\WOMEN\Clothes\T-shirts & long sleeves\Vests\040EE1K407_100_74.jfif,
3372,quangtinh,2020-08-24 20:32:51,quangtinh,2020-08-24 20:32:51,RUST ORANGE,,\assets\img\WOMEN\Clothes\T-shirts & long sleeves\Vests\040EE1K407_810_74.jfif,
3373,quangtinh,2020-08-24 20:32:56,quangtinh,2020-08-24 20:32:56,LIME YELLOW,,\assets\img\WOMEN\Clothes\T-shirts & long sleeves\Vests\040EE1K407_760_74.jfif,
3374,quangtinh,2020-08-24 20:33:11,quangtinh,2020-08-24 20:33:11,BLACK,,\assets\img\WOMEN\Clothes\T-shirts & long sleeves\Vests\050CC1K348_001_74.jfif,
3375,quangtinh,2020-08-24 20:33:25,quangtinh,2020-08-24 20:33:25,OLD PINK,,\assets\img\WOMEN\Clothes\T-shirts & long sleeves\Vests\050EI1K303_681_74.jfif,
3376,quangtinh,2020-08-24 20:33:46,quangtinh,2020-08-24 20:33:46,WHITE,,\assets\img\WOMEN\Clothes\T-shirts & long sleeves\Vests\060EE1K320_100_74.jfif,
3377,quangtinh,2020-08-24 20:33:51,quangtinh,2020-08-24 20:33:51,NAVY,,\assets\img\WOMEN\Clothes\T-shirts & long sleeves\Vests\060EE1K320_400_74.jfif,
3378,quangtinh,2020-08-24 20:34:20,quangtinh,2020-08-24 20:34:20,WHITE,,\assets\img\WOMEN\Clothes\T-shirts & long sleeves\Vests\060CC1K314_100_74.jfif,
3379,quangtinh,2020-08-24 20:34:26,quangtinh,2020-08-24 20:34:26,SALMON,,\assets\img\WOMEN\Clothes\T-shirts & long sleeves\Vests\060CC1K314_860_74.jfif,
3380,quangtinh,2020-08-24 20:34:32,quangtinh,2020-08-24 20:34:32,BLACK,,\assets\img\WOMEN\Clothes\T-shirts & long sleeves\Vests\060CC1K314_001_74.jfif,
3381,quangtinh,2020-08-24 20:34:39,quangtinh,2020-08-24 20:34:39,GREEN,,\assets\img\WOMEN\Clothes\T-shirts & long sleeves\Vests\060CC1K314_310_74.jfif,
3382,quangtinh,2020-08-24 20:35:05,quangtinh,2020-08-24 20:35:05,SAND,,\assets\img\WOMEN\Clothes\T-shirts & long sleeves\Vests\060CC1K312_285_74.jfif,
3383,quangtinh,2020-08-24 20:35:10,quangtinh,2020-08-24 20:35:10,SALMON,,\assets\img\WOMEN\Clothes\T-shirts & long sleeves\Vests\060CC1K312_860_74.jfif,
3384,quangtinh,2020-08-24 20:35:16,quangtinh,2020-08-24 20:35:16,GREEN,,\assets\img\WOMEN\Clothes\T-shirts & long sleeves\Vests\060CC1K312_310_74.jfif,
3385,quangtinh,2020-08-24 20:35:30,quangtinh,2020-08-24 20:35:30,LIGHT GREY,,\assets\img\WOMEN\Clothes\T-shirts & long sleeves\Vests\060CC1K338_044_74.jfif,
3386,quangtinh,2020-08-24 20:35:51,quangtinh,2020-08-24 20:35:51,WHITE,,\assets\img\WOMEN\Clothes\T-shirts & long sleeves\Vests\060CC1K328_100_74.jfif,
3387,quangtinh,2020-08-24 20:35:57,quangtinh,2020-08-24 20:35:57,BLACK,,\assets\img\WOMEN\Clothes\T-shirts & long sleeves\Vests\060CC1K328_001_74.jfif,
3388,quangtinh,2020-08-24 20:36:12,quangtinh,2020-08-24 20:36:12,LIGHT GREY,,\assets\img\WOMEN\Clothes\T-shirts & long sleeves\Vests\060CC1K329_044_74.jfif,
3389,quangtinh,2020-08-24 20:36:28,quangtinh,2020-08-24 20:36:28,BLACK,,\assets\img\WOMEN\Clothes\T-shirts & long sleeves\Vests\060EE1K326_001_74.jfif,
3390,quangtinh,2020-08-24 20:36:52,quangtinh,2020-08-24 20:36:52,CORAL,,\assets\img\WOMEN\Clothes\T-shirts & long sleeves\Vests\060EE1K347_645_74.jfif,
3391,quangtinh,2020-08-24 20:37:26,quangtinh,2020-08-24 20:37:26,OFF WHITE,,\assets\img\WOMEN\Clothes\T-shirts & long sleeves\Vests\060CC1K340_110_74.jfif,
3392,quangtinh,2020-08-24 20:37:31,quangtinh,2020-08-24 20:37:31,LIGHT KHAKI,,\assets\img\WOMEN\Clothes\T-shirts & long sleeves\Vests\060CC1K340_348_74.jfif,
3393,quangtinh,2020-08-24 20:37:37,quangtinh,2020-08-24 20:37:37,SALMON,,\assets\img\WOMEN\Clothes\T-shirts & long sleeves\Vests\060CC1K340_863_74.jfif,
3394,quangtinh,2020-08-24 20:37:42,quangtinh,2020-08-24 20:37:42,BRASS YELLOW,,\assets\img\WOMEN\Clothes\T-shirts & long sleeves\Vests\060CC1K340_723_74.jfif,
3395,quangtinh,2020-08-24 20:37:46,quangtinh,2020-08-24 20:37:46,GREEN,,\assets\img\WOMEN\Clothes\T-shirts & long sleeves\Vests\060CC1K340_313_74.jfif,
3396,quangtinh,2020-08-24 20:38:00,quangtinh,2020-08-24 20:38:00,WHITE,,\assets\img\WOMEN\Clothes\T-shirts & long sleeves\Vests\060CC1K362_100_74.jfif,
3397,quangtinh,2020-08-24 20:38:19,quangtinh,2020-08-24 20:38:19,OFF WHITE,,\assets\img\WOMEN\Clothes\T-shirts & long sleeves\Vests\050EO1K314_110_74.jfif,
3398,quangtinh,2020-08-24 20:38:25,quangtinh,2020-08-24 20:38:25,YELLOW,,\assets\img\WOMEN\Clothes\T-shirts & long sleeves\Vests\050EO1K314_750_74.jfif,
3399,quangtinh,2020-08-24 20:38:54,quangtinh,2020-08-24 20:38:54,SAND,,\assets\img\WOMEN\Clothes\T-shirts & long sleeves\Vests\990EO1K302_285_74.jfif,
3400,quangtinh,2020-08-24 20:39:00,quangtinh,2020-08-24 20:39:00,BORDEAUX RED,,\assets\img\WOMEN\Clothes\T-shirts & long sleeves\Vests\990EO1K302_600_74.jfif,
3401,quangtinh,2020-08-24 20:39:07,quangtinh,2020-08-24 20:39:07,OFF WHITE,,\assets\img\WOMEN\Clothes\T-shirts & long sleeves\Vests\990EO1K302_110_74.jfif,
3402,quangtinh,2020-08-24 20:39:13,quangtinh,2020-08-24 20:39:13,BLACK,,\assets\img\WOMEN\Clothes\T-shirts & long sleeves\Vests\990EO1K302_001_74.jfif,
3403,quangtinh,2020-08-24 20:39:36,quangtinh,2020-08-24 20:39:36,PINK,,\assets\img\WOMEN\Clothes\T-shirts & long sleeves\Vests\060EO1I301_670_74.jfif,
3404,quangtinh,2020-08-24 20:39:43,quangtinh,2020-08-24 20:39:43,OFF WHITE,,\assets\img\WOMEN\Clothes\T-shirts & long sleeves\Vests\060EO1I301_110_74.jfif,
3405,quangtinh,2020-08-24 20:39:50,quangtinh,2020-08-24 20:39:50,BLACK,,\assets\img\WOMEN\Clothes\T-shirts & long sleeves\Vests\060EO1I301_001_74.jfif,
3406,quangtinh,2020-08-24 20:40:15,quangtinh,2020-08-24 20:40:15,OFF WHITE,,\assets\img\WOMEN\Clothes\T-shirts & long sleeves\Vests\060EE1K359_110_74.jfif,
3407,quangtinh,2020-08-24 20:40:21,quangtinh,2020-08-24 20:40:21,OLIVE,,\assets\img\WOMEN\Clothes\T-shirts & long sleeves\Vests\060EE1K359_360_74.jfif,
3408,quangtinh,2020-08-24 20:40:28,quangtinh,2020-08-24 20:40:28,BLACK,,\assets\img\WOMEN\Clothes\T-shirts & long sleeves\Vests\060EE1K359_001_74.jfif,
3409,quangtinh,2020-08-24 20:40:43,quangtinh,2020-08-24 20:40:43,BLACK,,\assets\img\WOMEN\Clothes\T-shirts & long sleeves\Vests\070EI1K309_003_74.jfif,
3410,quangtinh,2020-08-24 20:41:06,quangtinh,2020-08-24 20:41:06,RED,,\assets\img\WOMEN\Clothes\T-shirts & long sleeves\Vests\080EE1K384_630_74.jfif,
3411,quangtinh,2020-08-24 20:41:12,quangtinh,2020-08-24 20:41:12,GUNMETAL,,\assets\img\WOMEN\Clothes\T-shirts & long sleeves\Vests\080EE1K384_018_74.jfif,
3412,quangtinh,2020-08-24 20:41:38,quangtinh,2020-08-24 20:41:38,BLACK,,\assets\img\WOMEN\Clothes\T-shirts & long sleeves\T-shirts\997EI1K801_001_74.jfif,
3413,quangtinh,2020-08-24 20:42:07,quangtinh,2020-08-24 20:42:07,NAVY,,\assets\img\WOMEN\Clothes\T-shirts & long sleeves\T-shirts\999CC1K802_400_74.jfif,
3414,quangtinh,2020-08-24 20:42:15,quangtinh,2020-08-24 20:42:15,WHITE,,\assets\img\WOMEN\Clothes\T-shirts & long sleeves\T-shirts\999CC1K802_100_74.jfif,
3415,quangtinh,2020-08-24 20:42:22,quangtinh,2020-08-24 20:42:22,KHAKI GREEN,,\assets\img\WOMEN\Clothes\T-shirts & long sleeves\T-shirts\999CC1K802_350_74.jfif,
3416,quangtinh,2020-08-24 20:42:30,quangtinh,2020-08-24 20:42:30,LIGHT YELLOW,,\assets\img\WOMEN\Clothes\T-shirts & long sleeves\T-shirts\999CC1K802_745_74.jfif,
3417,quangtinh,2020-08-24 20:42:37,quangtinh,2020-08-24 20:42:37,BLACK,,\assets\img\WOMEN\Clothes\T-shirts & long sleeves\T-shirts\999CC1K802_001_74.jfif,
3418,quangtinh,2020-08-24 20:42:53,quangtinh,2020-08-24 20:42:53,GREEN,,\assets\img\WOMEN\Clothes\T-shirts & long sleeves\T-shirts\039EE1K049_313_74.jfif,
3419,quangtinh,2020-08-24 20:43:19,quangtinh,2020-08-24 20:43:19,WHITE,,\assets\img\WOMEN\Clothes\T-shirts & long sleeves\T-shirts\069EE1K068_100_74.jfif,
3420,quangtinh,2020-08-24 20:43:26,quangtinh,2020-08-24 20:43:26,BLUE,,\assets\img\WOMEN\Clothes\T-shirts & long sleeves\T-shirts\069EE1K068_430_74.jfif,
3421,quangtinh,2020-08-24 20:43:32,quangtinh,2020-08-24 20:43:32,BLACK,,\assets\img\WOMEN\Clothes\T-shirts & long sleeves\T-shirts\069EE1K068_001_74.jfif,
3422,quangtinh,2020-08-24 20:43:39,quangtinh,2020-08-24 20:43:39,YELLOW,,\assets\img\WOMEN\Clothes\T-shirts & long sleeves\T-shirts\069EE1K068_750_74.jfif,
3423,quangtinh,2020-08-24 20:43:58,quangtinh,2020-08-24 20:43:58,RED,,\assets\img\WOMEN\Clothes\T-shirts & long sleeves\T-shirts\069EE1K071_630_74.jfif,
3424,quangtinh,2020-08-24 20:44:05,quangtinh,2020-08-24 20:44:05,BLUE,,\assets\img\WOMEN\Clothes\T-shirts & long sleeves\T-shirts\069EE1K071_430_74.jfif,
3425,quangtinh,2020-08-24 20:44:23,quangtinh,2020-08-24 20:44:23,LIGHT GREY,,\assets\img\WOMEN\Clothes\T-shirts & long sleeves\T-shirts\079EE1K070_044_74.jfif,
3426,quangtinh,2020-08-24 20:44:41,quangtinh,2020-08-24 20:44:41,TERRACOTTA,,\assets\img\WOMEN\Clothes\T-shirts & long sleeves\T-shirts\089CC1K002_805_74.jfif,
3427,quangtinh,2020-08-24 20:45:10,quangtinh,2020-08-24 20:45:10,NAVY,,\assets\img\WOMEN\Clothes\T-shirts & long sleeves\T-shirts\089CC1K005_400_74.jfif,
3053,quangtinh,2020-08-24 19:48:44,quangtinh,2020-08-24 19:48:44,RUST BROWN,,\assets\img\WOMEN\Clothes\New Season\070EE1K310_220_74.jfif,
3054,quangtinh,2020-08-24 19:48:59,quangtinh,2020-08-24 19:48:59,NAVY,,\assets\img\WOMEN\Clothes\New Season\990EE1B306_400_74.jfif,
3055,quangtinh,2020-08-24 19:49:02,quangtinh,2020-08-24 19:49:02,CAMEL,,\assets\img\WOMEN\Clothes\New Season\990EE1B306_230_74.jfif,
3056,quangtinh,2020-08-24 19:49:05,quangtinh,2020-08-24 19:49:05,BLACK,,\assets\img\WOMEN\Clothes\New Season\990EE1B306_001_74.jfif,
3057,quangtinh,2020-08-24 19:49:21,quangtinh,2020-08-24 19:49:21,BRASS YELLOW,,\assets\img\WOMEN\Clothes\New Season\070EA1O309_720_74.jfif,
3058,quangtinh,2020-08-24 19:49:24,quangtinh,2020-08-24 19:49:24,BLACK,,\assets\img\WOMEN\Clothes\New Season\070EA1O309_001_74.jfif,
3059,quangtinh,2020-08-24 19:49:26,quangtinh,2020-08-24 19:49:26,TOFFEE,,\assets\img\WOMEN\Clothes\New Season\070EA1O309_225_74.jfif,
3060,quangtinh,2020-08-24 19:49:39,quangtinh,2020-08-24 19:49:39,OFF WHITE,,\assets\img\WOMEN\Clothes\New Season\070EE1I302_110_74.jfif,
3061,quangtinh,2020-08-24 19:49:42,quangtinh,2020-08-24 19:49:42,OLIVE,,\assets\img\WOMEN\Clothes\New Season\070EE1I302_360_74.jfif,
3062,quangtinh,2020-08-24 19:49:57,quangtinh,2020-08-24 19:49:57,OFF WHITE,,\assets\img\WOMEN\Clothes\New Season\070EE1B326_110_74.jfif,
3063,quangtinh,2020-08-24 19:50:00,quangtinh,2020-08-24 19:50:00,RUST BROWN,,\assets\img\WOMEN\Clothes\New Season\070EE1B326_220_74.jfif,
3064,quangtinh,2020-08-24 19:50:03,quangtinh,2020-08-24 19:50:03,OLIVE,,\assets\img\WOMEN\Clothes\New Season\070EE1B326_360_74.jfif,
3065,quangtinh,2020-08-24 19:50:14,quangtinh,2020-08-24 19:50:14,NAVY,,\assets\img\WOMEN\Clothes\New Season\070EE1D306_400_74.jfif,
3066,quangtinh,2020-08-24 19:50:18,quangtinh,2020-08-24 19:50:18,RUST BROWN,,\assets\img\WOMEN\Clothes\New Season\070EE1D306_220_74.jfif,
3067,quangtinh,2020-08-24 19:50:30,quangtinh,2020-08-24 19:50:30,NAVY,,\assets\img\WOMEN\Clothes\New Season\070EE1K330_400_74.jfif,
3068,quangtinh,2020-08-24 19:50:32,quangtinh,2020-08-24 19:50:32,OFF WHITE,,\assets\img\WOMEN\Clothes\New Season\070EE1K330_110_74.jfif,
3069,quangtinh,2020-08-24 19:50:43,quangtinh,2020-08-24 19:50:43,OLIVE,,\assets\img\WOMEN\Clothes\New Season\080EE1D321_360_74.jfif,
3070,quangtinh,2020-08-24 19:50:46,quangtinh,2020-08-24 19:50:46,BROWN,,\assets\img\WOMEN\Clothes\New Season\080EE1D321_210_74.jfif,
3071,quangtinh,2020-08-24 19:51:03,quangtinh,2020-08-24 19:51:03,RUST BROWN,,\assets\img\WOMEN\Clothes\New Season\070EE1I304_220_74.jfif,
3072,quangtinh,2020-08-24 19:51:06,quangtinh,2020-08-24 19:51:06,OLIVE,,\assets\img\WOMEN\Clothes\New Season\070EE1I304_360_74.jfif,
3073,quangtinh,2020-08-24 19:51:09,quangtinh,2020-08-24 19:51:09,BRASS YELLOW,,\assets\img\WOMEN\Clothes\New Season\070EE1I304_720_74.jfif,
3074,quangtinh,2020-08-24 19:51:11,quangtinh,2020-08-24 19:51:11,BLACK,,\assets\img\WOMEN\Clothes\New Season\070EE1I304_001_74.jfif,
3075,quangtinh,2020-08-24 19:51:26,quangtinh,2020-08-24 19:51:26,BEIGE,,\assets\img\WOMEN\Clothes\New Season\070EE1I301_270_74.jfif,
3076,quangtinh,2020-08-24 19:51:29,quangtinh,2020-08-24 19:51:29,OLIVE,,\assets\img\WOMEN\Clothes\New Season\070EE1I301_360_74.jfif,
3077,quangtinh,2020-08-24 19:51:32,quangtinh,2020-08-24 19:51:32,BRASS YELLOW,,\assets\img\WOMEN\Clothes\New Season\070EE1I301_720_74.jfif,
3078,quangtinh,2020-08-24 19:51:44,quangtinh,2020-08-24 19:51:44,BLUE LIGHT WASHED,,\assets\img\WOMEN\Clothes\New Season\070EE1B305_903_74.jfif,
3079,quangtinh,2020-08-24 19:51:49,quangtinh,2020-08-24 19:51:49,BLUE DARK WASHED,,\assets\img\WOMEN\Clothes\New Season\070EE1B305_901_74.jfif,
3080,quangtinh,2020-08-24 19:52:08,quangtinh,2020-08-24 19:52:08,NAVY,,\assets\img\WOMEN\Clothes\New Season\070EE1K319_400_74.jfif,
3081,quangtinh,2020-08-24 19:52:10,quangtinh,2020-08-24 19:52:10,RUST BROWN,,\assets\img\WOMEN\Clothes\New Season\070EE1K319_220_74.jfif,
3082,quangtinh,2020-08-24 19:52:14,quangtinh,2020-08-24 19:52:14,OLIVE,,\assets\img\WOMEN\Clothes\New Season\070EE1K319_360_74.jfif,
3083,quangtinh,2020-08-24 19:52:18,quangtinh,2020-08-24 19:52:18,BRASS YELLOW,,\assets\img\WOMEN\Clothes\New Season\070EE1K319_720_74.jfif,
3084,quangtinh,2020-08-24 19:52:31,quangtinh,2020-08-24 19:52:31,BRASS YELLOW,,\assets\img\WOMEN\Clothes\New Season\080EA1O301_720_74.jfif,
3085,quangtinh,2020-08-24 19:52:33,quangtinh,2020-08-24 19:52:33,BLACK,,\assets\img\WOMEN\Clothes\New Season\080EA1O301_001_74.jfif,
3086,quangtinh,2020-08-24 19:52:59,quangtinh,2020-08-24 19:52:59,SAND,,\assets\img\WOMEN\Clothes\New Season\999CC1I803_285_74.jfif,
3087,quangtinh,2020-08-24 19:53:03,quangtinh,2020-08-24 19:53:03,NAVY,,\assets\img\WOMEN\Clothes\New Season\999CC1I803_400_74.jfif,
3088,quangtinh,2020-08-24 19:53:05,quangtinh,2020-08-24 19:53:05,KHAKI GREEN,,\assets\img\WOMEN\Clothes\New Season\999CC1I803_350_74.jfif,
3089,quangtinh,2020-08-24 19:53:09,quangtinh,2020-08-24 19:53:09,BRASS YELLOW,,\assets\img\WOMEN\Clothes\New Season\999CC1I803_720_74.jfif,
3090,quangtinh,2020-08-24 19:53:12,quangtinh,2020-08-24 19:53:12,BLACK,,\assets\img\WOMEN\Clothes\New Season\999CC1I803_001_74.jfif,
3091,quangtinh,2020-08-24 19:53:15,quangtinh,2020-08-24 19:53:15,YELLOW,,\assets\img\WOMEN\Clothes\New Season\999CC1I803_750_74.jfif,
3092,quangtinh,2020-08-24 19:53:19,quangtinh,2020-08-24 19:53:19,NEW SAND,,\assets\img\WOMEN\Clothes\New Season\999CC1I803_289_74.jfif,
3093,quangtinh,2020-08-24 19:53:34,quangtinh,2020-08-24 19:53:34,NAVY,,\assets\img\WOMEN\Clothes\New Season\070EE1K320_401_74.jfif,
3094,quangtinh,2020-08-24 19:53:38,quangtinh,2020-08-24 19:53:38,RUST BROWN,,\assets\img\WOMEN\Clothes\New Season\070EE1K320_220_74.jfif,
3095,quangtinh,2020-08-24 19:53:41,quangtinh,2020-08-24 19:53:41,OLIVE,,\assets\img\WOMEN\Clothes\New Season\070EE1K320_360_74.jfif,
3096,quangtinh,2020-08-24 19:53:58,quangtinh,2020-08-24 19:53:58,NAVY,,\assets\img\WOMEN\Clothes\New Season\040CC1B337_400_74.jfif,
3097,quangtinh,2020-08-24 19:54:01,quangtinh,2020-08-24 19:54:01,KHAKI GREEN,,\assets\img\WOMEN\Clothes\New Season\040CC1B337_350_74.jfif,
3098,quangtinh,2020-08-24 19:54:04,quangtinh,2020-08-24 19:54:04,BLACK,,\assets\img\WOMEN\Clothes\New Season\040CC1B337_001_74.jfif,
3099,quangtinh,2020-08-24 19:54:18,quangtinh,2020-08-24 19:54:18,CARAMEL,,\assets\img\WOMEN\Clothes\New Season\070EK1W308_235_74.jfif,
3100,quangtinh,2020-08-24 19:54:20,quangtinh,2020-08-24 19:54:20,BLACK,,\assets\img\WOMEN\Clothes\New Season\070EK1W308_001_74.jfif,
3101,quangtinh,2020-08-24 19:54:38,quangtinh,2020-08-24 19:54:38,NAVY,,\assets\img\WOMEN\Clothes\New Season\060EE1K310_400_74.jfif,
3102,quangtinh,2020-08-24 19:54:42,quangtinh,2020-08-24 19:54:42,RUST BROWN,,\assets\img\WOMEN\Clothes\New Season\060EE1K310_223_74.jfif,
3103,quangtinh,2020-08-24 19:54:44,quangtinh,2020-08-24 19:54:44,BRIGHT YELLOW,,\assets\img\WOMEN\Clothes\New Season\060EE1K310_743_74.jfif,
3104,quangtinh,2020-08-24 19:54:47,quangtinh,2020-08-24 19:54:47,OLIVE,,\assets\img\WOMEN\Clothes\New Season\060EE1K310_363_74.jfif,
3105,quangtinh,2020-08-24 19:54:57,quangtinh,2020-08-24 19:54:57,OLIVE,,\assets\img\WOMEN\Clothes\New Season\070EE1B319_363_74.jfif,
3106,quangtinh,2020-08-24 19:55:36,quangtinh,2020-08-24 19:55:36,SAND,,\assets\img\WOMEN\Clothes\New Season\030CC1K317_288_74.jfif,
3107,quangtinh,2020-08-24 19:55:39,quangtinh,2020-08-24 19:55:39,WHITE,,\assets\img\WOMEN\Clothes\New Season\030CC1K317_100_74.jfif,
3108,quangtinh,2020-08-24 19:55:41,quangtinh,2020-08-24 19:55:41,NAVY,,\assets\img\WOMEN\Clothes\New Season\030CC1K317_400_74.jfif,
3109,quangtinh,2020-08-24 19:55:45,quangtinh,2020-08-24 19:55:45,PINK,,\assets\img\WOMEN\Clothes\New Season\030CC1K317_673_74.jfif,
3110,quangtinh,2020-08-24 19:55:48,quangtinh,2020-08-24 19:55:48,CORAL,,\assets\img\WOMEN\Clothes\New Season\030CC1K317_647_74.jfif,
3111,quangtinh,2020-08-24 19:55:50,quangtinh,2020-08-24 19:55:50,SALMON,,\assets\img\WOMEN\Clothes\New Season\030CC1K317_863_74.jfif,
3112,quangtinh,2020-08-24 19:55:53,quangtinh,2020-08-24 19:55:53,BLACK,,\assets\img\WOMEN\Clothes\New Season\030CC1K317_001_74.jfif,
3113,quangtinh,2020-08-24 19:55:55,quangtinh,2020-08-24 19:55:55,LIME YELLOW,,\assets\img\WOMEN\Clothes\New Season\030CC1K317_763_74.jfif,
3114,quangtinh,2020-08-24 19:55:58,quangtinh,2020-08-24 19:55:58,GREEN,,\assets\img\WOMEN\Clothes\New Season\030CC1K317_313_74.jfif,
3115,quangtinh,2020-08-24 19:56:11,quangtinh,2020-08-24 19:56:11,NAVY,,\assets\img\WOMEN\Clothes\New Season\099EE1E048_400_74.jfif,
3116,quangtinh,2020-08-24 19:56:14,quangtinh,2020-08-24 19:56:14,DARK BROWN,,\assets\img\WOMEN\Clothes\New Season\099EE1E048_200_74.jfif,
3117,quangtinh,2020-08-24 19:56:25,quangtinh,2020-08-24 19:56:25,OLIVE,,\assets\img\WOMEN\Clothes\New Season\070EE1D307_360_74.jfif,
3118,quangtinh,2020-08-24 19:56:39,quangtinh,2020-08-24 19:56:39,RUST BROWN,,\assets\img\WOMEN\Clothes\New Season\070EE1F301_220_74.jfif,
3119,quangtinh,2020-08-24 19:56:43,quangtinh,2020-08-24 19:56:43,OLIVE,,\assets\img\WOMEN\Clothes\New Season\070EE1F301_360_74.jfif,
3120,quangtinh,2020-08-24 19:56:46,quangtinh,2020-08-24 19:56:46,YELLOW,,\assets\img\WOMEN\Clothes\New Season\070EE1F301_750_74.jfif,
3121,quangtinh,2020-08-24 19:56:58,quangtinh,2020-08-24 19:56:58,WHITE,,\assets\img\WOMEN\Clothes\New Season\070EK1W306_101_74.jfif,
3122,quangtinh,2020-08-24 19:57:00,quangtinh,2020-08-24 19:57:00,BLACK,,\assets\img\WOMEN\Clothes\New Season\070EK1W306_001_74.jfif,
3123,quangtinh,2020-08-24 19:57:08,quangtinh,2020-08-24 19:57:08,OLIVE,,\assets\img\WOMEN\Clothes\New Season\070EE1E307_363_74.jfif,
3124,quangtinh,2020-08-24 19:57:20,quangtinh,2020-08-24 19:57:20,CARAMEL,,\assets\img\WOMEN\Clothes\New Season\070EK1W309_235_74.jfif,
3125,quangtinh,2020-08-24 19:57:22,quangtinh,2020-08-24 19:57:22,BLACK,,\assets\img\WOMEN\Clothes\New Season\070EK1W309_001_74.jfif,
3126,quangtinh,2020-08-24 19:57:39,quangtinh,2020-08-24 19:57:39,RUST ORANGE,,\assets\img\WOMEN\Clothes\New Season\080EE1D308_810_74.jfif,
3127,quangtinh,2020-08-24 19:57:41,quangtinh,2020-08-24 19:57:41,OLIVE,,\assets\img\WOMEN\Clothes\New Season\080EE1D308_360_74.jfif,
3128,quangtinh,2020-08-24 19:57:44,quangtinh,2020-08-24 19:57:44,BLACK,,\assets\img\WOMEN\Clothes\New Season\080EE1D308_001_74.jfif,
3129,quangtinh,2020-08-24 19:57:47,quangtinh,2020-08-24 19:57:47,BROWN,,\assets\img\WOMEN\Clothes\New Season\080EE1D308_210_74.jfif,
3130,quangtinh,2020-08-24 19:58:00,quangtinh,2020-08-24 19:58:00,OFF WHITE,,\assets\img\WOMEN\Clothes\New Season\070EE1K332_110_74.jfif,
3131,quangtinh,2020-08-24 19:58:03,quangtinh,2020-08-24 19:58:03,OLIVE,,\assets\img\WOMEN\Clothes\New Season\070EE1K332_363_74.jfif,
3132,quangtinh,2020-08-24 19:58:06,quangtinh,2020-08-24 19:58:06,BLACK,,\assets\img\WOMEN\Clothes\New Season\070EE1K332_001_74.jfif,
3133,quangtinh,2020-08-24 19:58:20,quangtinh,2020-08-24 19:58:20,RUST BROWN,,\assets\img\WOMEN\Clothes\New Season\070EE1K313_220_74.jfif,
3134,quangtinh,2020-08-24 19:58:24,quangtinh,2020-08-24 19:58:24,BEIGE,,\assets\img\WOMEN\Clothes\New Season\070EE1K313_270_74.jfif,
3135,quangtinh,2020-08-24 19:58:27,quangtinh,2020-08-24 19:58:27,OLIVE,,\assets\img\WOMEN\Clothes\New Season\070EE1K313_360_74.jfif,
3136,quangtinh,2020-08-24 19:58:36,quangtinh,2020-08-24 19:58:36,OLIVE,,\assets\img\WOMEN\Clothes\New Season\070EE1L304_363_74.jfif,
3137,quangtinh,2020-08-24 19:58:49,quangtinh,2020-08-24 19:58:49,TOFFEE,,\assets\img\WOMEN\Clothes\New Season\070EA1S304_225_74.jfif,
3138,quangtinh,2020-08-24 19:58:52,quangtinh,2020-08-24 19:58:52,BLACK,,\assets\img\WOMEN\Clothes\New Season\070EA1S304_001_74.jfif,
3139,quangtinh,2020-08-24 19:59:05,quangtinh,2020-08-24 19:59:05,NAVY,,\assets\img\WOMEN\Clothes\New Season\080EE1K353_400_74.jfif,
3140,quangtinh,2020-08-24 19:59:07,quangtinh,2020-08-24 19:59:07,OFF WHITE,,\assets\img\WOMEN\Clothes\New Season\080EE1K353_110_74.jfif,
3141,quangtinh,2020-08-24 19:59:10,quangtinh,2020-08-24 19:59:10,OLIVE,,\assets\img\WOMEN\Clothes\New Season\080EE1K353_360_74.jfif,
3142,quangtinh,2020-08-24 19:59:18,quangtinh,2020-08-24 19:59:18,OLIVE,,\assets\img\WOMEN\Clothes\New Season\080EE1F316_360_74.jfif,
3143,quangtinh,2020-08-24 19:59:27,quangtinh,2020-08-24 19:59:27,RUST BROWN,,\assets\img\WOMEN\Clothes\New Season\070EE1K311_220_74.jfif,
3144,quangtinh,2020-08-24 19:59:45,quangtinh,2020-08-24 19:59:45,WHITE,,\assets\img\WOMEN\Clothes\New Season\060CC1K311_100_74.jfif,
3145,quangtinh,2020-08-24 19:59:46,quangtinh,2020-08-24 19:59:46,SALMON,,\assets\img\WOMEN\Clothes\New Season\060CC1K311_860_74.jfif,
3146,quangtinh,2020-08-24 19:59:47,quangtinh,2020-08-24 19:59:47,BLACK,,\assets\img\WOMEN\Clothes\New Season\060CC1K311_001_74.jfif,
3147,quangtinh,2020-08-24 19:59:49,quangtinh,2020-08-24 19:59:49,GREEN,,\assets\img\WOMEN\Clothes\New Season\060CC1K311_310_74.jfif,
3148,quangtinh,2020-08-24 20:00:02,quangtinh,2020-08-24 20:00:02,OFF WHITE,,\assets\img\WOMEN\Clothes\New Season\070EO1K309_110_74.jfif,
3149,quangtinh,2020-08-24 20:00:05,quangtinh,2020-08-24 20:00:05,DARK RED,,\assets\img\WOMEN\Clothes\New Season\070EO1K309_610_74.jfif,
3150,quangtinh,2020-08-24 20:00:07,quangtinh,2020-08-24 20:00:07,BLACK,,\assets\img\WOMEN\Clothes\New Season\070EO1K309_001_74.jfif,
3151,quangtinh,2020-08-24 20:00:22,quangtinh,2020-08-24 20:00:22,NAVY,,\assets\img\WOMEN\Clothes\New Season\070EE1K302_400_74.jfif,
3152,quangtinh,2020-08-24 20:00:25,quangtinh,2020-08-24 20:00:25,RUST BROWN,,\assets\img\WOMEN\Clothes\New Season\070EE1K302_223_74.jfif,
3153,quangtinh,2020-08-24 20:00:29,quangtinh,2020-08-24 20:00:29,BRASS YELLOW,,\assets\img\WOMEN\Clothes\New Season\070EE1K302_723_74.jfif,
3154,quangtinh,2020-08-24 20:00:41,quangtinh,2020-08-24 20:00:41,TOFFEE,,\assets\img\WOMEN\Clothes\New Season\070EK1W318_225_74.jfif,
3155,quangtinh,2020-08-24 20:00:43,quangtinh,2020-08-24 20:00:43,AMBER YELLOW,,\assets\img\WOMEN\Clothes\New Season\070EK1W318_700_74.jfif,
3156,quangtinh,2020-08-24 20:00:53,quangtinh,2020-08-24 20:00:53,RUST BROWN,,\assets\img\WOMEN\Clothes\New Season\070EE1B306_220_74.jfif,
3157,quangtinh,2020-08-24 20:01:07,quangtinh,2020-08-24 20:01:07,OFF WHITE,,\assets\img\WOMEN\Clothes\New Season\070EE1F315_110_74.jfif,
3158,quangtinh,2020-08-24 20:01:10,quangtinh,2020-08-24 20:01:10,RUST BROWN,,\assets\img\WOMEN\Clothes\New Season\070EE1F315_223_74.jfif,
3159,quangtinh,2020-08-24 20:01:13,quangtinh,2020-08-24 20:01:13,OLIVE,,\assets\img\WOMEN\Clothes\New Season\070EE1F315_363_74.jfif,
3160,quangtinh,2020-08-24 20:01:25,quangtinh,2020-08-24 20:01:25,NAVY,,\assets\img\WOMEN\Clothes\New Season\070EE1E330_403_74.jfif,
3161,quangtinh,2020-08-24 20:01:28,quangtinh,2020-08-24 20:01:28,OLIVE,,\assets\img\WOMEN\Clothes\New Season\070EE1E330_363_74.jfif,
3162,quangtinh,2020-08-24 20:01:40,quangtinh,2020-08-24 20:01:40,OLIVE,,\assets\img\WOMEN\Clothes\New Season\080EE1I340_364_74.jfif,
3163,quangtinh,2020-08-24 20:01:43,quangtinh,2020-08-24 20:01:43,BLACK,,\assets\img\WOMEN\Clothes\New Season\080EE1I340_001_74.jfif,
3164,quangtinh,2020-08-24 20:01:52,quangtinh,2020-08-24 20:01:52,TOFFEE,,\assets\img\WOMEN\Clothes\New Season\080EE1I338_229_74.jfif,
3165,quangtinh,2020-08-24 20:02:05,quangtinh,2020-08-24 20:02:05,BLACK,,\assets\img\WOMEN\Clothes\New Season\080EE1B339_001_74.jfif,
3166,quangtinh,2020-08-24 20:02:07,quangtinh,2020-08-24 20:02:07,BROWN,,\assets\img\WOMEN\Clothes\New Season\080EE1B339_210_74.jfif,
3167,quangtinh,2020-08-24 20:02:23,quangtinh,2020-08-24 20:02:23,NAVY,,\assets\img\WOMEN\Clothes\New Season\080EE1I335_400_74.jfif,
3168,quangtinh,2020-08-24 20:02:27,quangtinh,2020-08-24 20:02:27,OLIVE,,\assets\img\WOMEN\Clothes\New Season\080EE1I335_364_74.jfif,
3169,quangtinh,2020-08-24 20:02:30,quangtinh,2020-08-24 20:02:30,BROWN,,\assets\img\WOMEN\Clothes\New Season\080EE1I335_210_74.jfif,
3170,quangtinh,2020-08-24 20:02:45,quangtinh,2020-08-24 20:02:45,RUST ORANGE,,\assets\img\WOMEN\Clothes\New Season\080EE1I332_810_74.jfif,
3171,quangtinh,2020-08-24 20:02:48,quangtinh,2020-08-24 20:02:48,OLIVE,,\assets\img\WOMEN\Clothes\New Season\080EE1I332_364_74.jfif,
3172,quangtinh,2020-08-24 20:02:51,quangtinh,2020-08-24 20:02:51,LIGHT BLUE,,\assets\img\WOMEN\Clothes\New Season\080EE1I332_444_74.jfif,
3173,quangtinh,2020-08-24 20:03:01,quangtinh,2020-08-24 20:03:01,OLIVE,,\assets\img\WOMEN\Clothes\New Season\070EE1F318_363_74.jfif,
3174,quangtinh,2020-08-24 20:03:24,quangtinh,2020-08-24 20:03:24,NAVY,,\assets\img\WOMEN\Clothes\New Season\080EE1I314_400_74.jfif,
3175,quangtinh,2020-08-24 20:03:27,quangtinh,2020-08-24 20:03:27,OFF WHITE,,\assets\img\WOMEN\Clothes\New Season\080EE1I314_110_74.jfif,
3176,quangtinh,2020-08-24 20:03:31,quangtinh,2020-08-24 20:03:31,OLIVE,,\assets\img\WOMEN\Clothes\New Season\080EE1I314_364_74.jfif,
3177,quangtinh,2020-08-24 20:03:34,quangtinh,2020-08-24 20:03:34,BRASS YELLOW,,\assets\img\WOMEN\Clothes\New Season\080EE1I314_724_74.jfif,
3178,quangtinh,2020-08-24 20:03:37,quangtinh,2020-08-24 20:03:37,BLACK,,\assets\img\WOMEN\Clothes\New Season\080EE1I314_001_74.jfif,
3179,quangtinh,2020-08-24 20:03:55,quangtinh,2020-08-24 20:03:55,RED,,\assets\img\WOMEN\Clothes\New Season\080CC1K320_630_74.jfif,
3180,quangtinh,2020-08-24 20:03:59,quangtinh,2020-08-24 20:03:59,OFF WHITE,,\assets\img\WOMEN\Clothes\New Season\080CC1K320_110_74.jfif,
3181,quangtinh,2020-08-24 20:04:01,quangtinh,2020-08-24 20:04:01,BRASS YELLOW,,\assets\img\WOMEN\Clothes\New Season\080CC1K320_723_74.jfif,
3182,quangtinh,2020-08-24 20:04:04,quangtinh,2020-08-24 20:04:04,BLACK,,\assets\img\WOMEN\Clothes\New Season\080CC1K320_001_74.jfif,
3183,quangtinh,2020-08-24 20:04:47,quangtinh,2020-08-24 20:04:47,RED,,\assets\img\WOMEN\Clothes\T-shirts & long sleeves\Long sleeve tops\998EE1K812_630_74.jfif,
3184,quangtinh,2020-08-24 20:04:50,quangtinh,2020-08-24 20:04:50,HONEY YELLOW,,\assets\img\WOMEN\Clothes\T-shirts & long sleeves\Long sleeve tops\998EE1K812_710_74.jfif,
3185,quangtinh,2020-08-24 20:04:53,quangtinh,2020-08-24 20:04:53,WHITE,,\assets\img\WOMEN\Clothes\T-shirts & long sleeves\Long sleeve tops\998EE1K812_100_74.jfif,
3186,quangtinh,2020-08-24 20:04:56,quangtinh,2020-08-24 20:04:56,NAVY,,\assets\img\WOMEN\Clothes\T-shirts & long sleeves\Long sleeve tops\998EE1K812_400_74.jfif,
3187,quangtinh,2020-08-24 20:04:58,quangtinh,2020-08-24 20:04:58,DARK RED,,\assets\img\WOMEN\Clothes\T-shirts & long sleeves\Long sleeve tops\998EE1K812_610_74.jfif,
3188,quangtinh,2020-08-24 20:05:01,quangtinh,2020-08-24 20:05:01,BRASS YELLOW,,\assets\img\WOMEN\Clothes\T-shirts & long sleeves\Long sleeve tops\998EE1K812_720_74.jfif,
3189,quangtinh,2020-08-24 20:05:04,quangtinh,2020-08-24 20:05:04,BLACK,,\assets\img\WOMEN\Clothes\T-shirts & long sleeves\Long sleeve tops\998EE1K812_001_74.jfif,
3190,quangtinh,2020-08-24 20:05:07,quangtinh,2020-08-24 20:05:07,GUNMETAL,,\assets\img\WOMEN\Clothes\T-shirts & long sleeves\Long sleeve tops\998EE1K812_018_74.jfif,
3191,quangtinh,2020-08-24 20:05:21,quangtinh,2020-08-24 20:05:21,NAVY,,\assets\img\WOMEN\Clothes\T-shirts & long sleeves\Long sleeve tops\999EE1K800_400_74.jfif,
3192,quangtinh,2020-08-24 20:05:24,quangtinh,2020-08-24 20:05:24,WHITE,,\assets\img\WOMEN\Clothes\T-shirts & long sleeves\Long sleeve tops\999EE1K800_100_74.jfif,
3193,quangtinh,2020-08-24 20:05:25,quangtinh,2020-08-24 20:05:25,DARK RED,,\assets\img\WOMEN\Clothes\T-shirts & long sleeves\Long sleeve tops\999EE1K800_612_74.jfif,
3194,quangtinh,2020-08-24 20:05:49,quangtinh,2020-08-24 20:05:49,HONEY YELLOW,,\assets\img\WOMEN\Clothes\T-shirts & long sleeves\Long sleeve tops\999EE1K812_710_74.jfif,
3195,quangtinh,2020-08-24 20:05:52,quangtinh,2020-08-24 20:05:52,NAVY,,\assets\img\WOMEN\Clothes\T-shirts & long sleeves\Long sleeve tops\999EE1K812_400_74.jfif,
3196,quangtinh,2020-08-24 20:05:55,quangtinh,2020-08-24 20:05:55,DARK RED,,\assets\img\WOMEN\Clothes\T-shirts & long sleeves\Long sleeve tops\999EE1K812_610_74.jfif,
3197,quangtinh,2020-08-24 20:05:59,quangtinh,2020-08-24 20:05:59,BRASS YELLOW,,\assets\img\WOMEN\Clothes\T-shirts & long sleeves\Long sleeve tops\999EE1K812_720_74.jfif,
3198,quangtinh,2020-08-24 20:06:02,quangtinh,2020-08-24 20:06:02,BLACK,,\assets\img\WOMEN\Clothes\T-shirts & long sleeves\Long sleeve tops\999EE1K812_001_74.jfif,
3199,quangtinh,2020-08-24 20:06:16,quangtinh,2020-08-24 20:06:16,WHITE,,\assets\img\WOMEN\Clothes\T-shirts & long sleeves\Long sleeve tops\999EE1K816_100_74.jfif,
3200,quangtinh,2020-08-24 20:06:19,quangtinh,2020-08-24 20:06:19,NAVY,,\assets\img\WOMEN\Clothes\T-shirts & long sleeves\Long sleeve tops\999EE1K816_400_74.jfif,
3201,quangtinh,2020-08-24 20:06:22,quangtinh,2020-08-24 20:06:22,BLACK,,\assets\img\WOMEN\Clothes\T-shirts & long sleeves\Long sleeve tops\999EE1K816_001_74.jfif,
3202,quangtinh,2020-08-24 20:06:40,quangtinh,2020-08-24 20:06:40,NAVY,,\assets\img\WOMEN\Clothes\T-shirts & long sleeves\Long sleeve tops\089CC1K019_400_74.jfif,
3203,quangtinh,2020-08-24 20:06:43,quangtinh,2020-08-24 20:06:43,KHAKI GREEN,,\assets\img\WOMEN\Clothes\T-shirts & long sleeves\Long sleeve tops\089CC1K019_350_74.jfif,
3204,quangtinh,2020-08-24 20:06:46,quangtinh,2020-08-24 20:06:46,BLACK,,\assets\img\WOMEN\Clothes\T-shirts & long sleeves\Long sleeve tops\089CC1K019_001_74.jfif,
3205,quangtinh,2020-08-24 20:06:50,quangtinh,2020-08-24 20:06:50,NEW KHAKI GREEN,,\assets\img\WOMEN\Clothes\T-shirts & long sleeves\Long sleeve tops\089CC1K019_351_74.jfif,
3206,quangtinh,2020-08-24 20:07:10,quangtinh,2020-08-24 20:07:10,NAVY,,\assets\img\WOMEN\Clothes\T-shirts & long sleeves\Long sleeve tops\089CC1K058_400_74.jfif,
3207,quangtinh,2020-08-24 20:07:14,quangtinh,2020-08-24 20:07:14,KHAKI GREEN,,\assets\img\WOMEN\Clothes\T-shirts & long sleeves\Long sleeve tops\089CC1K058_350_74.jfif,
3208,quangtinh,2020-08-24 20:07:18,quangtinh,2020-08-24 20:07:18,OLD PINK,,\assets\img\WOMEN\Clothes\T-shirts & long sleeves\Long sleeve tops\089CC1K058_680_74.jfif,
3209,quangtinh,2020-08-24 20:07:28,quangtinh,2020-08-24 20:07:28,NAVY,,\assets\img\WOMEN\Clothes\T-shirts & long sleeves\Long sleeve tops\099CC1K007_400_74.jfif,
3210,quangtinh,2020-08-24 20:07:44,quangtinh,2020-08-24 20:07:44,NAVY,,\assets\img\WOMEN\Clothes\T-shirts & long sleeves\Long sleeve tops\999EE1K817_400_74.jfif,
3211,quangtinh,2020-08-24 20:07:46,quangtinh,2020-08-24 20:07:46,GARNET RED,,\assets\img\WOMEN\Clothes\T-shirts & long sleeves\Long sleeve tops\999EE1K817_620_74.jfif,
3212,quangtinh,2020-08-24 20:07:50,quangtinh,2020-08-24 20:07:50,BRASS YELLOW,,\assets\img\WOMEN\Clothes\T-shirts & long sleeves\Long sleeve tops\999EE1K817_720_74.jfif,
3213,quangtinh,2020-08-24 20:08:09,quangtinh,2020-08-24 20:08:09,RED,,\assets\img\WOMEN\Clothes\T-shirts & long sleeves\Long sleeve tops\099CC1K011_633_74.jfif,
3214,quangtinh,2020-08-24 20:08:12,quangtinh,2020-08-24 20:08:12,NAVY,,\assets\img\WOMEN\Clothes\T-shirts & long sleeves\Long sleeve tops\099CC1K011_400_74.jfif,
3215,quangtinh,2020-08-24 20:08:16,quangtinh,2020-08-24 20:08:16,NEW AMBER YELLOW,,\assets\img\WOMEN\Clothes\T-shirts & long sleeves\Long sleeve tops\099CC1K011_702_74.jfif,
3216,quangtinh,2020-08-24 20:08:20,quangtinh,2020-08-24 20:08:20,OFF WHITE,,\assets\img\WOMEN\Clothes\T-shirts & long sleeves\Long sleeve tops\099CC1K011_110_74.jfif,
3217,quangtinh,2020-08-24 20:08:30,quangtinh,2020-08-24 20:08:30,OFF WHITE,,\assets\img\WOMEN\Clothes\T-shirts & long sleeves\Long sleeve tops\129EO1K016_110_74.jfif,
3218,quangtinh,2020-08-24 20:08:39,quangtinh,2020-08-24 20:08:39,BLACK,,\assets\img\WOMEN\Clothes\T-shirts & long sleeves\Long sleeve tops\129EE1K015_001_74.jfif,
3219,quangtinh,2020-08-24 20:08:52,quangtinh,2020-08-24 20:08:52,NAVY,,\assets\img\WOMEN\Clothes\T-shirts & long sleeves\Long sleeve tops\999EE1K840_400_74.jfif,
3220,quangtinh,2020-08-24 20:08:55,quangtinh,2020-08-24 20:08:55,BLACK,,\assets\img\WOMEN\Clothes\T-shirts & long sleeves\Long sleeve tops\999EE1K840_001_74.jfif,
3221,quangtinh,2020-08-24 20:09:17,quangtinh,2020-08-24 20:09:17,BORDEAUX RED,,\assets\img\WOMEN\Clothes\T-shirts & long sleeves\Long sleeve tops\999EO1K810_600_74.jfif,
3222,quangtinh,2020-08-24 20:09:20,quangtinh,2020-08-24 20:09:20,NAVY,,\assets\img\WOMEN\Clothes\T-shirts & long sleeves\Long sleeve tops\999EO1K810_400_74.jfif,
3223,quangtinh,2020-08-24 20:09:23,quangtinh,2020-08-24 20:09:23,OLD PINK,,\assets\img\WOMEN\Clothes\T-shirts & long sleeves\Long sleeve tops\999EO1K810_680_74.jfif,
3224,quangtinh,2020-08-24 20:09:25,quangtinh,2020-08-24 20:09:25,BLACK,,\assets\img\WOMEN\Clothes\T-shirts & long sleeves\Long sleeve tops\999EO1K810_001_74.jfif,
3225,quangtinh,2020-08-24 20:09:28,quangtinh,2020-08-24 20:09:28,NAVY BLUE,,\assets\img\WOMEN\Clothes\T-shirts & long sleeves\Long sleeve tops\999EO1K810_401_74.jfif,
3226,quangtinh,2020-08-24 20:09:52,quangtinh,2020-08-24 20:09:52,WHITE,,\assets\img\WOMEN\Clothes\T-shirts & long sleeves\Long sleeve tops\999CC1K815_100_74.jfif,
3227,quangtinh,2020-08-24 20:09:55,quangtinh,2020-08-24 20:09:55,NAVY,,\assets\img\WOMEN\Clothes\T-shirts & long sleeves\Long sleeve tops\999CC1K815_400_74.jfif,
3228,quangtinh,2020-08-24 20:09:59,quangtinh,2020-08-24 20:09:59,KHAKI GREEN,,\assets\img\WOMEN\Clothes\T-shirts & long sleeves\Long sleeve tops\999CC1K815_350_74.jfif,
3229,quangtinh,2020-08-24 20:10:03,quangtinh,2020-08-24 20:10:03,LIGHT YELLOW,,\assets\img\WOMEN\Clothes\T-shirts & long sleeves\Long sleeve tops\999CC1K815_745_74.jfif,
3230,quangtinh,2020-08-24 20:10:07,quangtinh,2020-08-24 20:10:07,BRASS YELLOW,,\assets\img\WOMEN\Clothes\T-shirts & long sleeves\Long sleeve tops\999CC1K815_720_74.jfif,
3231,quangtinh,2020-08-24 20:10:11,quangtinh,2020-08-24 20:10:11,BLACK,,\assets\img\WOMEN\Clothes\T-shirts & long sleeves\Long sleeve tops\999CC1K815_001_74.jfif,
3232,quangtinh,2020-08-24 20:10:20,quangtinh,2020-08-24 20:10:20,NAVY,,\assets\img\WOMEN\Clothes\T-shirts & long sleeves\Long sleeve tops\020CC1K305_400_74.jfif,
3233,quangtinh,2020-08-24 20:10:30,quangtinh,2020-08-24 20:10:30,BLACK,,\assets\img\WOMEN\Clothes\T-shirts & long sleeves\Long sleeve tops\030CC1K343_001_74.jfif,
3234,quangtinh,2020-08-24 20:10:39,quangtinh,2020-08-24 20:10:39,OLD PINK,,\assets\img\WOMEN\Clothes\T-shirts & long sleeves\Long sleeve tops\050EI1K317_680_74.jfif,
3235,quangtinh,2020-08-24 20:10:50,quangtinh,2020-08-24 20:10:50,NAVY,,\assets\img\WOMEN\Clothes\T-shirts & long sleeves\Long sleeve tops\999CC1K811_400_74.jfif,
3236,quangtinh,2020-08-24 20:10:54,quangtinh,2020-08-24 20:10:54,DARK RED,,\assets\img\WOMEN\Clothes\T-shirts & long sleeves\Long sleeve tops\999CC1K811_610_74.jfif,
3237,quangtinh,2020-08-24 20:11:03,quangtinh,2020-08-24 20:11:03,OFF WHITE,,\assets\img\WOMEN\Clothes\T-shirts & long sleeves\Long sleeve tops\999EE1K819_110_74.jfif,
3238,quangtinh,2020-08-24 20:11:13,quangtinh,2020-08-24 20:11:13,NAVY,,\assets\img\WOMEN\Clothes\T-shirts & long sleeves\Long sleeve tops\999CC1K812_400_74.jfif,
3239,quangtinh,2020-08-24 20:11:28,quangtinh,2020-08-24 20:11:28,NAVY,,\assets\img\WOMEN\Clothes\T-shirts & long sleeves\Long sleeve tops\999EE1J803_400_74.jfif,
3240,quangtinh,2020-08-24 20:11:31,quangtinh,2020-08-24 20:11:31,OFF WHITE,,\assets\img\WOMEN\Clothes\T-shirts & long sleeves\Long sleeve tops\999EE1J803_110_74.jfif,
3241,quangtinh,2020-08-24 20:11:34,quangtinh,2020-08-24 20:11:34,DARK RED,,\assets\img\WOMEN\Clothes\T-shirts & long sleeves\Long sleeve tops\999EE1J803_610_74.jfif,
3242,quangtinh,2020-08-24 20:11:45,quangtinh,2020-08-24 20:11:45,OFF WHITE,,\assets\img\WOMEN\Clothes\T-shirts & long sleeves\Long sleeve tops\999EE1K820_110_74.jfif,
3243,quangtinh,2020-08-24 20:11:58,quangtinh,2020-08-24 20:11:58,RUST BROWN,,\assets\img\WOMEN\Clothes\T-shirts & long sleeves\Long sleeve tops\070EE1K304_223_74.jfif,
3244,quangtinh,2020-08-24 20:12:02,quangtinh,2020-08-24 20:12:02,BRASS YELLOW,,\assets\img\WOMEN\Clothes\T-shirts & long sleeves\Long sleeve tops\070EE1K304_723_74.jfif,
3245,quangtinh,2020-08-24 20:12:27,quangtinh,2020-08-24 20:12:27,BORDEAUX RED,,\assets\img\WOMEN\Clothes\T-shirts & long sleeves\Long sleeve tops\990EO1K304_600_74.jfif,
3246,quangtinh,2020-08-24 20:12:30,quangtinh,2020-08-24 20:12:30,NAVY,,\assets\img\WOMEN\Clothes\T-shirts & long sleeves\Long sleeve tops\990EO1K304_400_74.jfif,
3247,quangtinh,2020-08-24 20:12:33,quangtinh,2020-08-24 20:12:33,OFF WHITE,,\assets\img\WOMEN\Clothes\T-shirts & long sleeves\Long sleeve tops\990EO1K304_110_74.jfif,
3248,quangtinh,2020-08-24 20:12:36,quangtinh,2020-08-24 20:12:36,BLACK,,\assets\img\WOMEN\Clothes\T-shirts & long sleeves\Long sleeve tops\990EO1K304_001_74.jfif,
3249,quangtinh,2020-08-24 20:12:49,quangtinh,2020-08-24 20:12:49,OFF WHITE,,\assets\img\WOMEN\Clothes\T-shirts & long sleeves\Long sleeve tops\990EE1K316_110_74.jfif,
3250,quangtinh,2020-08-24 20:12:52,quangtinh,2020-08-24 20:12:52,BLACK,,\assets\img\WOMEN\Clothes\T-shirts & long sleeves\Long sleeve tops\990EE1K316_001_74.jfif,
3251,quangtinh,2020-08-24 20:13:00,quangtinh,2020-08-24 20:13:00,OFF WHITE,,\assets\img\WOMEN\Clothes\T-shirts & long sleeves\Long sleeve tops\089EO1K015_110_74.jfif,
3252,quangtinh,2020-08-24 20:13:16,quangtinh,2020-08-24 20:13:16,NAVY,,\assets\img\WOMEN\Clothes\T-shirts & long sleeves\Long sleeve tops\080EE1K365_401_74.jfif,
3253,quangtinh,2020-08-24 20:13:20,quangtinh,2020-08-24 20:13:20,OLIVE,,\assets\img\WOMEN\Clothes\T-shirts & long sleeves\Long sleeve tops\080EE1K365_360_74.jfif,
3254,quangtinh,2020-08-24 20:13:33,quangtinh,2020-08-24 20:13:33,RED,,\assets\img\WOMEN\Clothes\T-shirts & long sleeves\Long sleeve tops\080EE1K378_630_74.jfif,
3255,quangtinh,2020-08-24 20:13:36,quangtinh,2020-08-24 20:13:36,BLACK,,\assets\img\WOMEN\Clothes\T-shirts & long sleeves\Long sleeve tops\080EE1K378_001_74.jfif,
3256,quangtinh,2020-08-24 20:13:54,quangtinh,2020-08-24 20:13:54,OLIVE,,\assets\img\WOMEN\Clothes\T-shirts & long sleeves\Long sleeve tops\990EE1K314_360_74.jfif,
3257,quangtinh,2020-08-24 20:13:58,quangtinh,2020-08-24 20:13:58,BRASS YELLOW,,\assets\img\WOMEN\Clothes\T-shirts & long sleeves\Long sleeve tops\990EE1K314_720_74.jfif,
3258,quangtinh,2020-08-24 20:14:02,quangtinh,2020-08-24 20:14:02,BLACK,,\assets\img\WOMEN\Clothes\T-shirts & long sleeves\Long sleeve tops\990EE1K314_001_74.jfif,
3259,quangtinh,2020-08-24 20:14:16,quangtinh,2020-08-24 20:14:16,RED,,\assets\img\WOMEN\Clothes\T-shirts & long sleeves\Long sleeve tops\090EE1K304_630_74.jfif,
3260,quangtinh,2020-08-24 20:14:19,quangtinh,2020-08-24 20:14:19,NAVY,,\assets\img\WOMEN\Clothes\T-shirts & long sleeves\Long sleeve tops\090EE1K304_400_74.jfif,
3261,quangtinh,2020-08-24 20:14:30,quangtinh,2020-08-24 20:14:30,GUNMETAL,,\assets\img\WOMEN\Clothes\T-shirts & long sleeves\Long sleeve tops\080CC1K354_019_74.jfif,
3262,quangtinh,2020-08-24 20:14:46,quangtinh,2020-08-24 20:14:46,RED,,\assets\img\WOMEN\Clothes\T-shirts & long sleeves\Long sleeve tops\080CC1K324_630_74.jfif,
3263,quangtinh,2020-08-24 20:14:49,quangtinh,2020-08-24 20:14:49,BRASS YELLOW,,\assets\img\WOMEN\Clothes\T-shirts & long sleeves\Long sleeve tops\080CC1K324_723_74.jfif,
3264,quangtinh,2020-08-24 20:14:52,quangtinh,2020-08-24 20:14:52,BLACK,,\assets\img\WOMEN\Clothes\T-shirts & long sleeves\Long sleeve tops\080CC1K324_001_74.jfif,
3265,quangtinh,2020-08-24 20:15:06,quangtinh,2020-08-24 20:15:06,OLIVE,,\assets\img\WOMEN\Clothes\T-shirts & long sleeves\Long sleeve tops\080EE1K379_360_74.jfif,
3266,quangtinh,2020-08-24 20:15:10,quangtinh,2020-08-24 20:15:10,BLACK,,\assets\img\WOMEN\Clothes\T-shirts & long sleeves\Long sleeve tops\080EE1K379_001_74.jfif,
3267,quangtinh,2020-08-24 20:15:20,quangtinh,2020-08-24 20:15:20,GUNMETAL,,\assets\img\WOMEN\Clothes\T-shirts & long sleeves\Long sleeve tops\990EE1K319_019_74.jfif,
3268,quangtinh,2020-08-24 20:15:45,quangtinh,2020-08-24 20:15:45,NAVY,,\assets\img\WOMEN\Clothes\T-shirts & long sleeves\Long sleeve tops\080EE1K344_400_74.jfif,
3269,quangtinh,2020-08-24 20:15:49,quangtinh,2020-08-24 20:15:49,OFF WHITE,,\assets\img\WOMEN\Clothes\T-shirts & long sleeves\Long sleeve tops\080EE1K344_110_74.jfif,
3270,quangtinh,2020-08-24 20:15:52,quangtinh,2020-08-24 20:15:52,BLACK,,\assets\img\WOMEN\Clothes\T-shirts & long sleeves\Long sleeve tops\080EE1K344_001_74.jfif,
3271,quangtinh,2020-08-24 20:16:23,quangtinh,2020-08-24 20:16:23,RED,,\assets\img\WOMEN\Clothes\T-shirts & long sleeves\Long sleeve tops\080CC1K329_630_74.jfif,
3272,quangtinh,2020-08-24 20:16:27,quangtinh,2020-08-24 20:16:27,NAVY,,\assets\img\WOMEN\Clothes\T-shirts & long sleeves\Long sleeve tops\080CC1K329_400_74.jfif,
3273,quangtinh,2020-08-24 20:16:31,quangtinh,2020-08-24 20:16:31,PINK,,\assets\img\WOMEN\Clothes\T-shirts & long sleeves\Long sleeve tops\080CC1K329_672_74.jfif,
3274,quangtinh,2020-08-24 20:16:34,quangtinh,2020-08-24 20:16:34,OFF WHITE,,\assets\img\WOMEN\Clothes\T-shirts & long sleeves\Long sleeve tops\080CC1K329_110_74.jfif,
3275,quangtinh,2020-08-24 20:16:37,quangtinh,2020-08-24 20:16:37,LIGHT KHAKI,,\assets\img\WOMEN\Clothes\T-shirts & long sleeves\Long sleeve tops\080CC1K329_348_74.jfif,
3276,quangtinh,2020-08-24 20:16:41,quangtinh,2020-08-24 20:16:41,BRASS YELLOW,,\assets\img\WOMEN\Clothes\T-shirts & long sleeves\Long sleeve tops\080CC1K329_723_74.jfif,
3277,quangtinh,2020-08-24 20:16:44,quangtinh,2020-08-24 20:16:44,BLACK,,\assets\img\WOMEN\Clothes\T-shirts & long sleeves\Long sleeve tops\080CC1K329_001_74.jfif,
3278,quangtinh,2020-08-24 20:17:03,quangtinh,2020-08-24 20:17:03,BORDEAUX RED,,\assets\img\WOMEN\Clothes\T-shirts & long sleeves\Long sleeve tops\080EE1K357_603_74.jfif,
3279,quangtinh,2020-08-24 20:17:07,quangtinh,2020-08-24 20:17:07,DARK GREEN,,\assets\img\WOMEN\Clothes\T-shirts & long sleeves\Long sleeve tops\080EE1K357_303_74.jfif,
3280,quangtinh,2020-08-24 20:17:12,quangtinh,2020-08-24 20:17:12,BRIGHT BLUE,,\assets\img\WOMEN\Clothes\T-shirts & long sleeves\Long sleeve tops\080EE1K357_413_74.jfif,
3281,quangtinh,2020-08-24 20:17:17,quangtinh,2020-08-24 20:17:17,BROWN,,\assets\img\WOMEN\Clothes\T-shirts & long sleeves\Long sleeve tops\080EE1K357_213_74.jfif,
3282,quangtinh,2020-08-24 20:17:30,quangtinh,2020-08-24 20:17:30,NAVY,,\assets\img\WOMEN\Clothes\T-shirts & long sleeves\Long sleeve tops\080CC1K305_400_74.jfif,
3283,quangtinh,2020-08-24 20:17:35,quangtinh,2020-08-24 20:17:35,BRASS YELLOW,,\assets\img\WOMEN\Clothes\T-shirts & long sleeves\Long sleeve tops\080CC1K305_720_74.jfif,
3284,quangtinh,2020-08-24 20:17:56,quangtinh,2020-08-24 20:17:56,NAVY,,\assets\img\WOMEN\Clothes\T-shirts & long sleeves\Long sleeve tops\080EE1K346_400_74.jfif,
3285,quangtinh,2020-08-24 20:18:00,quangtinh,2020-08-24 20:18:00,OFF WHITE,,\assets\img\WOMEN\Clothes\T-shirts & long sleeves\Long sleeve tops\080EE1K346_110_74.jfif,
3286,quangtinh,2020-08-24 20:18:05,quangtinh,2020-08-24 20:18:05,BRASS YELLOW,,\assets\img\WOMEN\Clothes\T-shirts & long sleeves\Long sleeve tops\080EE1K346_720_74.jfif,
3287,quangtinh,2020-08-24 20:18:10,quangtinh,2020-08-24 20:18:10,BLACK,,\assets\img\WOMEN\Clothes\T-shirts & long sleeves\Long sleeve tops\080EE1K346_001_74.jfif,
3288,quangtinh,2020-08-24 20:18:32,quangtinh,2020-08-24 20:18:32,NAVY,,\assets\img\WOMEN\Clothes\T-shirts & long sleeves\Long sleeve tops\090CC1K332_400_74.jfif,
3289,quangtinh,2020-08-24 20:18:36,quangtinh,2020-08-24 20:18:36,OFF WHITE,,\assets\img\WOMEN\Clothes\T-shirts & long sleeves\Long sleeve tops\090CC1K332_110_74.jfif,
3290,quangtinh,2020-08-24 20:18:41,quangtinh,2020-08-24 20:18:41,BRASS YELLOW,,\assets\img\WOMEN\Clothes\T-shirts & long sleeves\Long sleeve tops\090CC1K332_723_74.jfif,
3291,quangtinh,2020-08-24 20:18:46,quangtinh,2020-08-24 20:18:46,BLACK,,\assets\img\WOMEN\Clothes\T-shirts & long sleeves\Long sleeve tops\090CC1K332_001_74.jfif,
3292,quangtinh,2020-08-24 20:18:57,quangtinh,2020-08-24 20:18:57,WHITE,,\assets\img\WOMEN\Clothes\T-shirts & long sleeves\Long sleeve tops\090CC1K319_100_74.jfif,
3293,quangtinh,2020-08-24 20:19:11,quangtinh,2020-08-24 20:19:11,LIGHT KHAKI,,\assets\img\WOMEN\Clothes\T-shirts & long sleeves\Long sleeve tops\090CC1K322_345_74.jfif,
3294,quangtinh,2020-08-24 20:19:15,quangtinh,2020-08-24 20:19:15,BLACK,,\assets\img\WOMEN\Clothes\T-shirts & long sleeves\Long sleeve tops\090CC1K322_001_74.jfif,
3295,quangtinh,2020-08-24 20:19:29,quangtinh,2020-08-24 20:19:29,RED,,\assets\img\WOMEN\Clothes\T-shirts & long sleeves\Long sleeve tops\090EE1K302_630_74.jfif,
3296,quangtinh,2020-08-24 20:19:35,quangtinh,2020-08-24 20:19:35,OFF WHITE,,\assets\img\WOMEN\Clothes\T-shirts & long sleeves\Long sleeve tops\090EE1K302_110_74.jfif,
3297,quangtinh,2020-08-24 20:19:47,quangtinh,2020-08-24 20:19:47,LIGHT KHAKI,,\assets\img\WOMEN\Clothes\T-shirts & long sleeves\Long sleeve tops\080CC1K322_348_74.jfif,
3298,quangtinh,2020-08-24 20:20:00,quangtinh,2020-08-24 20:20:00,WHITE,,\assets\img\WOMEN\Clothes\T-shirts & long sleeves\Long sleeve tops\090CC1K321_100_74.jfif,
3299,quangtinh,2020-08-24 20:20:05,quangtinh,2020-08-24 20:20:05,BLACK,,\assets\img\WOMEN\Clothes\T-shirts & long sleeves\Long sleeve tops\090CC1K321_001_74.jfif,
3300,quangtinh,2020-08-24 20:20:46,quangtinh,2020-08-24 20:20:46,DARK GREY,,\assets\img\WOMEN\Clothes\T-shirts & long sleeves\Vests\996EE1K907_023_74.jfif,
3301,quangtinh,2020-08-24 20:20:51,quangtinh,2020-08-24 20:20:51,NAVY,,\assets\img\WOMEN\Clothes\T-shirts & long sleeves\Vests\996EE1K907_400_74.jfif,
3302,quangtinh,2020-08-24 20:20:54,quangtinh,2020-08-24 20:20:54,WHITE,,\assets\img\WOMEN\Clothes\T-shirts & long sleeves\Vests\996EE1K907_100_74.jfif,
3303,quangtinh,2020-08-24 20:20:58,quangtinh,2020-08-24 20:20:58,OFF WHITE,,\assets\img\WOMEN\Clothes\T-shirts & long sleeves\Vests\996EE1K907_110_74.jfif,
3304,quangtinh,2020-08-24 20:21:01,quangtinh,2020-08-24 20:21:01,DARK RED,,\assets\img\WOMEN\Clothes\T-shirts & long sleeves\Vests\996EE1K907_610_74.jfif,
3305,quangtinh,2020-08-24 20:21:05,quangtinh,2020-08-24 20:21:05,OLD PINK,,\assets\img\WOMEN\Clothes\T-shirts & long sleeves\Vests\996EE1K907_682_74.jfif,
3306,quangtinh,2020-08-24 20:21:10,quangtinh,2020-08-24 20:21:10,BLACK,,\assets\img\WOMEN\Clothes\T-shirts & long sleeves\Vests\996EE1K907_001_74.jfif,
3307,quangtinh,2020-08-24 20:21:13,quangtinh,2020-08-24 20:21:13,YELLOW,,\assets\img\WOMEN\Clothes\T-shirts & long sleeves\Vests\996EE1K907_753_74.jfif,
3308,quangtinh,2020-08-24 20:21:28,quangtinh,2020-08-24 20:21:28,WHITE,,\assets\img\WOMEN\Clothes\T-shirts & long sleeves\Vests\997CC1K818_100_74.jfif,
3309,quangtinh,2020-08-24 20:21:32,quangtinh,2020-08-24 20:21:32,BLACK,,\assets\img\WOMEN\Clothes\T-shirts & long sleeves\Vests\997CC1K818_001_74.jfif,
3310,quangtinh,2020-08-24 20:21:48,quangtinh,2020-08-24 20:21:48,NAVY,,\assets\img\WOMEN\Clothes\T-shirts & long sleeves\Vests\997EO1K809_400_74.jfif,
3311,quangtinh,2020-08-24 20:21:52,quangtinh,2020-08-24 20:21:52,OFF WHITE,,\assets\img\WOMEN\Clothes\T-shirts & long sleeves\Vests\997EO1K809_110_74.jfif,
3312,quangtinh,2020-08-24 20:21:56,quangtinh,2020-08-24 20:21:56,BLACK,,\assets\img\WOMEN\Clothes\T-shirts & long sleeves\Vests\997EO1K809_001_74.jfif,
3313,quangtinh,2020-08-24 20:22:15,quangtinh,2020-08-24 20:22:15,WHITE,,\assets\img\WOMEN\Clothes\T-shirts & long sleeves\Vests\997CC1K816_100_74.jfif,
3314,quangtinh,2020-08-24 20:22:19,quangtinh,2020-08-24 20:22:19,NAVY,,\assets\img\WOMEN\Clothes\T-shirts & long sleeves\Vests\997CC1K816_400_74.jfif,
3315,quangtinh,2020-08-24 20:22:22,quangtinh,2020-08-24 20:22:22,BLACK,,\assets\img\WOMEN\Clothes\T-shirts & long sleeves\Vests\997CC1K816_001_74.jfif,
3316,quangtinh,2020-08-24 20:22:47,quangtinh,2020-08-24 20:22:47,WHITE,,\assets\img\WOMEN\Clothes\T-shirts & long sleeves\Vests\997EE1K816_100_74.jfif,
3317,quangtinh,2020-08-24 20:22:51,quangtinh,2020-08-24 20:22:51,NAVY,,\assets\img\WOMEN\Clothes\T-shirts & long sleeves\Vests\997EE1K816_400_74.jfif,
3318,quangtinh,2020-08-24 20:22:54,quangtinh,2020-08-24 20:22:54,DARK RED,,\assets\img\WOMEN\Clothes\T-shirts & long sleeves\Vests\997EE1K816_610_74.jfif,
3319,quangtinh,2020-08-24 20:22:57,quangtinh,2020-08-24 20:22:57,BLACK,,\assets\img\WOMEN\Clothes\T-shirts & long sleeves\Vests\997EE1K816_001_74.jfif,
3320,quangtinh,2020-08-24 20:23:00,quangtinh,2020-08-24 20:23:00,YELLOW,,\assets\img\WOMEN\Clothes\T-shirts & long sleeves\Vests\997EE1K816_753_74.jfif,
